{
    "loss": 0.83829265832901,
    "accuracy": 0.9136690497398376
}