{
    "loss": 5.230267524719238,
    "accuracy": 0.5035971403121948
}