{
    "loss": 1.3872804641723633,
    "accuracy": 0.6115108132362366
}