{
    "loss": 2.888882637023926,
    "accuracy": 0.5899280309677124
}